user_group,isFL
Business As Unusual,All But FamilyLife
FamilyLife,FamilyLife
UMI Connection,All But FamilyLife
Remarkable!,All But FamilyLife
InteGREAT,All But FamilyLife
CeDAR,All But FamilyLife
CFP,All But FamilyLife
Compassion International,All But FamilyLife
Cru,All But FamilyLife
Date Night,All But FamilyLife
Family Bridges,All But FamilyLife
Pacific Dental Services,All But FamilyLife
REVEAL for Me,All But FamilyLife
Stadia,All But FamilyLife
TYRO,All But FamilyLife
Other,All But FamilyLife
Internal,All But FamilyLife
